Titre_poste,Lieu,Type_contrat,Date_publication,secteur,competences,Type_contrat_regroupe
Agent d’accueil – Standardiste,"Dakar, Sénégal",CDD,,Accueil-Reception,"Accueil physique, gestion d’appels, communication",CDD
Stagiaire Assistant(e) Administratif(e),"Point E, Dakar, Sénégal",Prestation/Stage,,Accueil-Reception,"Organisation, rédaction, bureautique, planification",Prestation/Stage
(03) Réceptionnistes,"Dakar, Sénégal",CDD,,Accueil-Reception,"Accueil physique, gestion d’appels, communication",CDD
Stage d’adaptation / Stage académique ou scolaire – Non rémunéré,"LIberté 6 Extension VDN, Dakar, Sénégal",Stage,,Accueil-Reception,"Accueil physique, gestion d’appels, communication",Stage
Standardiste expérimenté(e) chargé(e) de la clientèle,"LIberté 6 Extension, VDN, Dakar, Sénégal",CDD,,Accueil-Reception,"Accueil physique, gestion d’appels, communication",CDD
Coach Bien-être / Yoga & Relaxation (Freelance),"Dakar, Sénégal",CDD/Freelance,,Accueil-Reception,"Accueil physique, gestion d’appels, communication",CDD/Freelance
Responsable Technique,"Thiès, Sénégal",CDI,,Administration,Non spécifié,CDI
Consultants Conseiller en Développement Commercial et Renforcement des Capacités,"Dakar, Sénégal",CDD,,Administration,Non spécifié,CDD
Assistant.e Administratif.ve,"Sacré cœur 2, Dakar, Sénégal",CDD,,Administration,"Organisation, rédaction, bureautique, planification",CDD
Assistant(e) de direction,Sénégal,Stage,,Administration,"Organisation, rédaction, bureautique, planification",Stage
Stage d’adaptation/ Stage académique ou scolaire – Non rémunéré,"LIberté 6 Extension VDN, Dakar, Sénégal",Stage,,Administration,"Apprentissage, observation, assistance aux tâches",Stage
Assistant(e) Achat Bilingue,"Mbour, Sindia",CDD,,Administration,"Organisation, rédaction, bureautique, planification",CDD
Responsable administratif ressources humaines,"Dakar, Sénégal",CDD,,Administration,Non spécifié,CDD
SWEDD Director,"Dakar, Sénégal",CDD,,Administration,Non spécifié,CDD
Gestionnaire de projet,"Dakar, Sénégal",CDI,,Administration,Non spécifié,CDI
Stage – comptable/assistante de direction,"Dakar, Sénégal",Stage,,Administration,"Organisation, rédaction, bureautique, planification",Stage
Consultant – Assistant(e) de direction expérimenté(e),"Dakar, Sénégal",Freelance/Prestation,,Administration,"Organisation, rédaction, bureautique, planification",Freelance/Prestation
Chauffeur yango,"Dalifort, Dakar, Sénégal",Freelance,,Administration,Non spécifié,Freelance
Consultants Conseiller en Développement Commercial et Renforcement des Capacités,"Dakar, Sénégal",CDD,,Agriculture&Agroalimentaire,Non spécifié,CDD
Gestionnaire / Lead SMI (Système de Management Intégré),Richard Toll,CDI,,Agriculture&Agroalimentaire,Non spécifié,CDI
Responsable Développement Commercial,"Dakar, Sénégal",CDI,,Agriculture&Agroalimentaire,Non spécifié,CDI
Technicien (ne) Agricole,"Bayakh, Sénégal",CDD,,Agriculture&Agroalimentaire,Non spécifié,CDD
Responsable de petite ferme polyvalente,"Rao, Saint-Louis? Sénégal",Prestation de Services,,Agriculture&Agroalimentaire,Non spécifié,Prestation de Services
Assistant(e) de direction,Sénégal,Stage,,Archives-Documentation,"Organisation, rédaction, bureautique, planification",Stage
Equipe comptable et contrôle de gestion,"Dakar, Sénégal",CDD,,Audit-Comptabilité,Non spécifié,CDD
Stagiaire Comptable,"Mbacké, Diourbel, Sénégal",Stage,,Audit-Comptabilité,"Apprentissage, soutien administratif, communication",Stage
Chef comptable,"Dakar, Sénégal",CDI,,Audit-Comptabilité,Non spécifié,CDI
Agent administratif et comptable,Sénégal,Stage,,Audit-Comptabilité,Non spécifié,Stage
Reconciliation Officer,"Dakar, Sénégal",CDD,,Audit-Comptabilité,Non spécifié,CDD
Stage – comptable/assistante de direction,"Dakar, Sénégal",Stage,,Audit-Comptabilité,"Organisation, rédaction, bureautique, planification",Stage
Formateur(trice) en Comptabilité & Finance,"Dakar, Sénégal",CDD/Freelance,,Audit-Comptabilité,Non spécifié,CDD/Freelance
10 jeunes diplômés en comptabilité,"Dakar, Sénégal",CDD,,Audit-Comptabilité,Non spécifié,CDD
Stagiaire Assistant(e) Administratif(e),"Point E, Dakar, Sénégal",Prestation/Stage,,Banque-Finance-Assurance,"Organisation, rédaction, bureautique, planification",Prestation/Stage
"Assistant Chef de Projet (Informatique, Organisation & Banque)","Dakar, Sénégal",CDD,,Banque-Finance-Assurance,"Organisation, rédaction, bureautique, planification",CDD
Consultants Fonds Catalyseur et Outils d’Investissement,"Dakar, Sénégal",CDD,,Banque-Finance-Assurance,Non spécifié,CDD
Finance Manager,"Dakar, Sénégal",CDD,,Banque-Finance-Assurance,Non spécifié,CDD
Conseillers commerciaux en assurances,"Dakar, Sénégal",CDI/CDD,,Banque-Finance-Assurance,Non spécifié,CDI/CDD
Assistant de direction,"Dakar, Sénégal",CDI/CDD,,Banque-Finance-Assurance,"Organisation, rédaction, bureautique, planification",CDI/CDD
National Finance Officer,"Dakar, Sénégal",CDI/CDD,,Banque-Finance-Assurance,Non spécifié,CDI/CDD
Stagiaire Comptable,"Mbacké, Diourbel, Sénégal",Stage,,Banque-Finance-Assurance,"Apprentissage, soutien administratif, communication",Stage
Agent administratif et comptable,Sénégal,Stage,,Banque-Finance-Assurance,Non spécifié,Stage
Senior Investment Officer,"Dakar, Sénégal",CDI/CDD,,Banque-Finance-Assurance,Non spécifié,CDI/CDD
Reconciliation Officer,"Dakar, Sénégal",CDD,,Banque-Finance-Assurance,Non spécifié,CDD
Commercial(e) en Assurances,Sénégal,CDD,,Banque-Finance-Assurance,Non spécifié,CDD
Chargé(e) des Opérations Trade Finance (Mission Intérimaire – Remplacement Congé Maternité).,"Dakar, Sénégal",CDD,,Banque-Finance-Assurance,Non spécifié,CDD
Responsable d’Investissements,"Dakar, Sénégal",CDD,,Banque-Finance-Assurance,Non spécifié,CDD
20 vendeurs Energie,"Dakar, Sénégal",CDI,,CentreDAppels,Non spécifié,CDI
Conseiller Clientèle,Dakar Fann,CDD,,CentreDAppels,Non spécifié,CDD
Stage d’adaptation /  Stage académique ou scolaire – Non rémunéré,"LIberté 6 Extension VDN, Dakar, Sénégal",Stage,,CentreDAppels,"Apprentissage, observation, assistance aux tâches",Stage
Standardiste expérimenté(e) chargé(e) de la clientèle,"LIberté 6 Extension, VDN, Dakar, Sénégal",CDD,,CentreDAppels,"Accueil physique, gestion d’appels, communication",CDD
Superviseur/Responsable d’équipe en télévente expérimenté,"Mermoz, Dakar",CDI,,CentreDAppels,Non spécifié,CDI
Téléconseillers expérimentés,"Mermoz, Dakar",CDD,,CentreDAppels,Non spécifié,CDD
Télésconseillers,"Dakar, Sénégal",Stage,,CentreDAppels,Non spécifié,Stage
Responsable du Centre National de Microscopie Électronique de la Cité du Savoir,"Dakar, Sénégal",CDD,,Management-GestionProjet,Non spécifié,CDD
(02) Chargé(e)s de Relation Client,"Dakar, Sénégal",CDD,,Management-GestionProjet,Non spécifié,CDD
Chargé.e. de projet « RISE & PLAY »,"Dakar, Sénégal",CDD,,Management-GestionProjet,Non spécifié,CDD
Senior Analyst,"Dakar, Sénégal",CDD,,Management-GestionProjet,"Analyse de données, rédaction de rapports, évaluation",CDD
Chargé·e de projet – Protection des lanceurs d’alerte et lutte contre les flux financiers illicites,"Dakar, Sénégal",CDD,,Management-GestionProjet,Non spécifié,CDD
Project Officer,"Dakar, Sénégal",CDD,,Management-GestionProjet,Non spécifié,CDD
Responsable Agence,"Dakar, Sénégal",CDD,,Management-GestionProjet,Non spécifié,CDD
HR Analyst,"Dakar, Sénégal",CDD,,Management-GestionProjet,"Analyse de données, rédaction de rapports, évaluation",CDD
Regional Advisor,"Dakar, Sénégal",CDD,,Management-GestionProjet,Non spécifié,CDD
Facility & Sustainability Coordinator,"Dakar, Sénégal",CDD,,Management-GestionProjet,Non spécifié,CDD
Spécialiste Technique Régional Réadaptation – Région Sahel Afrique de l’Ouest,"Dakar, Sénégal",CDD,,Management-GestionProjet,Non spécifié,CDD
Chargé de projet,"Dakar, Sénégal",CDD,,Management-GestionProjet,Non spécifié,CDD
Provider Relations Associate,"Dakar, Sénégal",CDI/CDD,,Management-GestionProjet,Non spécifié,CDI/CDD
Customer Service Officer,"Dakar, Sénégal",CDD,,Management-GestionProjet,Non spécifié,CDD
Standardiste expérimenté(e) chargé(e) de la clientèle,"LIberté 6 Extension, VDN, Dakar, Sénégal",CDD,,Management-GestionProjet,"Accueil physique, gestion d’appels, communication",CDD
Chargé(e) de projet Web,"Dakar, Sénégal",CDD,,Management-GestionProjet,Non spécifié,CDD
Chargé de projet Web – Agence Digitale / Dakar,"Point E, Dakar",CDD,,Management-GestionProjet,Non spécifié,CDD
Directeur de l’Influence et de la Communication,"Dakar, Sénégal",CDI/CDD,,Marketing-Communication,Non spécifié,CDI/CDD
Chargé de la Communication du Marketing numérique et de la Conception,"Dakar, Sénégal",CDD,,Marketing-Communication,Non spécifié,CDD
Collaborateurs en Télétravail,Sénégal,Freelance/Prestation,,Marketing-Communication,Non spécifié,Freelance/Prestation
Responsable Marketing & communication,"Dakar, Sénégal",CDI/CDD,,Marketing-Communication,Non spécifié,CDI/CDD
Créateur de contenu & Live pour les réseaux sociaux,Dakar,CDD,,Marketing-Communication,Non spécifié,CDD
Business Developer,"Dakar, Sénégal",CDD,,Marketing-Communication,Non spécifié,CDD
Senior Growth Marketing Associate,"Dakar, Sénégal",CDI/CDD,,Marketing-Communication,Non spécifié,CDI/CDD
Senior Direct Marketing Associate,"Dakar, Sénégal",CDI/CDD,,Marketing-Communication,Non spécifié,CDI/CDD
Location de Matériel de Tournage Audiovisuel Professionnel Projet de Documentaire Régional – FAWE WASRO,Sacre coeur 3 VDN villa No 177,Prestation de Services,,Marketing-Communication,Non spécifié,Prestation de Services
Sales Associate,"Dakar, Sénégal",CDI/CDD,,Marketing-Communication,Non spécifié,CDI/CDD
Chargé de communication bilingue,"Dakar, Sénégal",CDD,,Marketing-Communication,Non spécifié,CDD
Community manager,"Point E, Dakar",Stage,,Marketing-Communication,"Réseaux sociaux, création de contenu, Canva, stratégie",Stage
Responsable marketing Groupe,"Dakar, Sénégal",CDI/CDD,,Marketing-Communication,Non spécifié,CDI/CDD
Standardiste expérimenté(e) chargé(e) de la clientèle,"LIberté 6 Extension, VDN, Dakar, Sénégal",CDD,,Marketing-Communication,"Accueil physique, gestion d’appels, communication",CDD
Chargé(e) de projet Web,"Dakar, Sénégal",CDD,,Marketing-Communication,Non spécifié,CDD
Digital Manager,"Dakar, Sénégal",CDD,,Marketing-Communication,Non spécifié,CDD
Chef de pub,"Dakar, Sénégal",CDD,,Marketing-Communication,Non spécifié,CDD
Directeur Commercial et Marketing,"Dakar, Sénégal",CDD,,Marketing-Communication,Non spécifié,CDD
Collaborateurs en télétravail,Sénégal,Prestation de Services,,Marketing-Communication,Non spécifié,Prestation de Services
Vox Agency – Recrutement Stagiaires Photographes & Vidéastes,Ngor Virage Route de l'Aéroport Immeuble Tall 55,Stage,,Marketing-Communication,"Apprentissage, soutien administratif, communication",Stage
Responsable Commercialisation & Gestion Immobilière,"Dakar, Thiès, Kaolack, Sénégal",CDI/CDD,,Marketing-Communication,Non spécifié,CDI/CDD
Formateur(trice) en Community Management,Sénégal,CDD/Freelance,,Marketing-Communication,Non spécifié,CDD/Freelance
Collaborateurs en télétravail,"Dakar, Sénégal",Prestation de Services,,Marketing-Communication,Non spécifié,Prestation de Services
Assistant Traffic Manager,"Dakar, Sénégal",CDD,,Marketing-Communication,"Organisation, rédaction, bureautique, planification",CDD
Stagiaire Monteur Vidéo & Social Media Manager,"Dakar, Sénégal",Stage,,Marketing-Communication,"Apprentissage, soutien administratif, communication",Stage
Directeur de l’Influence et de la Communication,"Dakar, Sénégal",CDI/CDD,,ONGetAmbassades,Non spécifié,CDI/CDD
Chargé.e. de projet « RISE & PLAY »,"Dakar, Sénégal",CDD,,ONGetAmbassades,Non spécifié,CDD
Regional People and Culture Director,"Dakar, Sénégal",CDD,,ONGetAmbassades,Non spécifié,CDD
Consultants Conseiller en Développement Commercial et Renforcement des Capacités,"Dakar, Sénégal",CDD,,ONGetAmbassades,Non spécifié,CDD
Spécialiste Technique Régional MHPSS,"Dakar, Sénégal",CDD,,ONGetAmbassades,Non spécifié,CDD
Specialist Private Sector Partnership Development,"Dakar, Sénégal",CDD,,ONGetAmbassades,Non spécifié,CDD
Partnership Coordinator,"Dakar, Sénégal",CDD,,ONGetAmbassades,Non spécifié,CDD
HR Analyst,"Dakar, Sénégal",CDD,,ONGetAmbassades,"Analyse de données, rédaction de rapports, évaluation",CDD
Spécialiste Technique Régional Réadaptation – Région Sahel Afrique de l’Ouest,"Dakar, Sénégal",CDD,,ONGetAmbassades,Non spécifié,CDD
MST Nursing,"Dakar, Sénégal",CDD,,ONGetAmbassades,Non spécifié,CDD
Consultant externe,"Dakar, Sénégal",CDD,,ONGetAmbassades,Non spécifié,CDD
"Supply Chain Management,  Senior Associate, Global Malaria (Commodity Access)","Dakar, Sénégal",CDD,,ONGetAmbassades,Non spécifié,CDD
Spécialiste Technique Régional Education Inclusive,"Dakar, Sénégal",CDD,,ONGetAmbassades,Non spécifié,CDD
Chargé.e régional.e de mentorat et coaching intersection pour l’Afrique de l’Ouest,"Dakar, Sénégal",CDD,,ONGetAmbassades,Non spécifié,CDD
Deputy Africa Director,"Dakar, Sénégal",CDD,,ONGetAmbassades,Non spécifié,CDD
Bénévole ou Stagiaire en Gestion de Projet,"Dakar, Sénégal",Stage,,ONGetAmbassades,"Apprentissage, soutien administratif, communication",Stage
Bénévole ou Stagiaire en Gestion de Projet pour la mission : « Sauver Abibou : un combat pour la Vie ! » Non rémunéré,"Dakar, Sénégal",Stage,,ONGetAmbassades,"Apprentissage, soutien administratif, communication",Stage
Regional People and Culture Director,"Dakar, Sénégal",CDD,,RessourcesHumaines,Non spécifié,CDD
HR Analyst,"Dakar, Sénégal",CDD,,RessourcesHumaines,"Analyse de données, rédaction de rapports, évaluation",CDD
DRH,"Dakar, Sénégal",CDI,,RessourcesHumaines,Non spécifié,CDI
HR Business Partner,"Dakar, Sénégal",CDD,,RessourcesHumaines,"Recrutement, formation, gestion du personnel",CDD
Assistant(e) de direction,Sénégal,Stage,,RessourcesHumaines,"Organisation, rédaction, bureautique, planification",Stage
Responsable administratif ressources humaines,"Dakar, Sénégal",CDD,,RessourcesHumaines,Non spécifié,CDD
Human Ressources Business Partner (HRBP),Sindia dans la région de Thiès,CDD,,RessourcesHumaines,"Recrutement, formation, gestion du personnel",CDD
Assistant(e) Ressources Humaines Intérimaire,"Dakar, Sénégal",CDD,,RessourcesHumaines,"Organisation, rédaction, bureautique, planification",CDD
Responsable RH,"Dakar, Sénégal",CDI/CDD,,RessourcesHumaines,Non spécifié,CDI/CDD
(03) Réceptionnistes,"Dakar, Sénégal",CDD,,Restauration-Hotellerie-Tourisme,"Accueil physique, gestion d’appels, communication",CDD
Serveur/se,"Rue De Kaolack, 267",CDI,,Restauration-Hotellerie-Tourisme,Non spécifié,CDI
Responsable Marketing & communication,"Dakar, Sénégal",CDI/CDD,,Restauration-Hotellerie-Tourisme,Non spécifié,CDI/CDD
Serveur,"Sacré cœur 3, Dakar, Sénégal",CDD,,Restauration-Hotellerie-Tourisme,Non spécifié,CDD
Cuisinier,"Sacré cœur 3, Dakar, Sénégal",CDD,,Restauration-Hotellerie-Tourisme,Non spécifié,CDD
Responsable blanchisserie,"Dakar, Sénégal",CDD,,Restauration-Hotellerie-Tourisme,Non spécifié,CDD
Jardinier,"Dakar, Sénégal",CDD,,Restauration-Hotellerie-Tourisme,Non spécifié,CDD
Guest Service-Driver,"Dakar, Sénégal",CDI/CDD,,Restauration-Hotellerie-Tourisme,"Conduite, service client, entretien véhicule",CDI/CDD
Gouvernante,"Dakar, Sénégal",Prestation de Services,,Restauration-Hotellerie-Tourisme,Non spécifié,Prestation de Services
Coach Bien-être / Yoga & Relaxation (Freelance),"Dakar, Sénégal",CDD/Freelance,,Restauration-Hotellerie-Tourisme,Non spécifié,CDD/Freelance
Cuisiniers à Domicile (Almadies & Mermoz),(Almadies & Mermoz),Prestation de Services,,Restauration-Hotellerie-Tourisme,Non spécifié,Prestation de Services
Médecin généraliste,"Dakar, Sénégal",CDD,,Sante&Social,Non spécifié,CDD
Médecin du travail,"Dakar, Sénégal",CDI/CDD,,Sante&Social,Non spécifié,CDI/CDD
MST Nursing,"Dakar, Sénégal",CDD,,Sante&Social,Non spécifié,CDD
Consultant Acheteur Bilingue,"Dakar, Sénégal",CDD,,Sante&Social,Non spécifié,CDD
Docteur en pharmacie,"114 Avenue Lamine Gueye, Dakar, Sénégal (à côté Centre commercial Touba Sandaga)",CDD,,Sante&Social,Non spécifié,CDD
Aide Soignant,"Guediawaye Hamo 5, Dakar, Sénégal",CDD,,Sante&Social,Non spécifié,CDD
Assistant (e) pour le Centre National de Microscopie Électronique de la Cité du Savoir,"Dakar, Sénégal",CDD,,Secretariat et Assistanat,"Organisation, rédaction, bureautique, planification",CDD
Stagiaire Assistant(e) Administratif(e),"Point E, Dakar, Sénégal",Prestation/Stage,,Secretariat et Assistanat,"Organisation, rédaction, bureautique, planification",Prestation/Stage
Assistant de direction,"Dakar, Sénégal",CDI/CDD,,Secretariat et Assistanat,"Organisation, rédaction, bureautique, planification",CDI/CDD
Support Excellence Associate,"Dakar, Sénégal",CDI/CDD,,Secretariat et Assistanat,Non spécifié,CDI/CDD
Sales Associate,"Dakar, Sénégal",CDI/CDD,,Secretariat et Assistanat,Non spécifié,CDI/CDD
Standardiste expérimenté(e) chargé(e) de la clientèle,"LIberté 6 Extension, VDN, Dakar, Sénégal",CDD,,Secretariat et Assistanat,"Accueil physique, gestion d’appels, communication",CDD
Assistant Directeur d’usine,"Dakar, Sénégal",CDD,,Secretariat et Assistanat,"Organisation, rédaction, bureautique, planification",CDD
Assistant de bureau,"Dakar, Sénégal",CDD,,Secretariat et Assistanat,"Organisation, rédaction, bureautique, planification",CDD
Assistant Traffic Manager,"Dakar, Sénégal",CDD,,Secretariat et Assistanat,"Organisation, rédaction, bureautique, planification",CDD
Responsable Economat,"Dakar, Sénégal",CDI,,Transport et Logistique,Non spécifié,CDI
Agent opérationnel,"Dakar, Sénégal",CDD,,Transport et Logistique,Non spécifié,CDD
Responsable Agence,"Dakar, Sénégal",CDD,,Transport et Logistique,Non spécifié,CDD
Chauffeur yango,Maristes usine bonnet rouge,Freelance,,Transport et Logistique,Non spécifié,Freelance
Guest Service-Driver,"Dakar, Sénégal",CDI/CDD,,Transport et Logistique,"Conduite, service client, entretien véhicule",CDI/CDD
Stage d’adaptation /  Stage académique ou scolaire – Non rémunéré,"LIberté 6 Extension VDN, Dakar, Sénégal",Stage,,Transport et Logistique,"Apprentissage, observation, assistance aux tâches",Stage
Assistant(e) Achat Bilingue,"Mbour, Sindia",CDD,,Transport et Logistique,"Organisation, rédaction, bureautique, planification",CDD
"Supply Chain Management,  Senior Associate,  Global Malaria (Commodity Access)","Dakar, Sénégal",CDD,,Transport et Logistique,Non spécifié,CDD
Chauffeur,"Maristes, Dakar",Prestation de Services,,Transport et Logistique,Non spécifié,Prestation de Services
"Program Lead, Refugees & Displaced Persons","Dakar, Sénégal",CDD,,Transport et Logistique,Non spécifié,CDD
Agent escale,"Dakar, Sénégal",CDI/CDD,,Transport et Logistique,Non spécifié,CDI/CDD
Chauffeur VTC (YANGO),Sénégal,Freelance,,Transport et Logistique,Non spécifié,Freelance
Agent d’Inventaire de Stock Bilingue,"Sindia, Mbour, Sénégal",CDD,,Transport et Logistique,Non spécifié,CDD
Agent Commercial,"Médina, Dakar, Sénégal",Stage,,Transport et Logistique,Non spécifié,Stage
SPA Manager – Prestation – Dakar,Dakar,Prestation de Services,2025-06-12,Mode – Beauté – Luxe,1 an | Licence professionnelle | Technicien supérieur,Prestation de Services
International Recruiter – Freelancer – Dakar,Dakar,Freelance,2025-05-28,Services,3 ans | Licence professionnelle | Technicien supérieur,Freelance
Chargé de Clientèle Bilingue (Français-Anglais) – Stage – Dakar,Dakar,Stage,2025-05-28,Services,Débutant | BTS | Technicien supérieur,Stage
Directeur de Travaux – CDD – Dakar,Dakar,CDD,2025-05-28,Immobilier & BTP,5 ans | Master 2 | Cadre Dirigeant,CDD
Ingénieur OPC – CDD – Dakar,Dakar,CDD,2025-05-28,Immobilier & BTP,5 ans | Licence professionnelle | Cadre,CDD
Business Developper – Prestation – Dakar,Dakar,Prestation de Services,2025-05-26,Services,2 ans | Licence professionnelle | Technicien supérieur,Prestation de Services
Technicien / Projeteur – CDD/CDI – Dakar,Dakar,CDI/CDD,2025-05-26,Énergie,3 ans | BTS | Technicien,CDI/CDD
Restaurant Manager – CDD/CDI – Dakar,Dakar,CDD,2025-05-23,Sport – Tourisme – Loisirs,2 ans | Licence professionnelle | Cadre,CDD
Chargé d’Études Fluides Génie Climatique – CDD – Dakar,Dakar,CDI/CDD,2025-05-22,Énergie,3 ans | BTS | Technicien supérieur,CDI/CDD
Stagiaire en Moyens Généraux – Dakar,Dakar,Stage,2025-05-14,Services,Débutant | DTS | Stagiaire,Stage
Stagiaire en Moyens Généraux - Dakar,Dakar,Stage,2025-06-12,Stage / Formation,Maintenance industrielle - Production - Qualité,Stage
Recruteur International - Freelance (H/F),Dakar - Diourbel - Fatick - Kaffrine - Kaolack - Kédougou - Kolda,Freelance,2025-06-12,Non spécifié,Ressources humaines - Formation,Freelance
Consultante Clientèle Italienne et Française - Dakar,Dakar,Stage,2025-06-12,Informatique-Technologie,Marketing - Communication - Vente,Stage
Conseiller Client Hispanophone et Francophone - Dakar,Dakar,Stage,2025-06-12,Non spécifié,Marketing - Communication - Vente,Stage
Conseillère Clientèle Germanophone et Francophone - Dakar,Dakar,Stage,2025-06-12,Non spécifié,Marketing - Communication - Vente,Stage
Chargé de Clientèle Bilingue (Français-Anglais) - Dakar,Dakar,Stage,2025-06-12,Non spécifié,Vente,Stage
Commercial Technique (H/F) - Sénégal,Dakar - Diourbel - Fatick - Kaffrine - Kaolack - Kédougou - Kolda,CDD,2025-06-12,Non spécifié,Maintenance industrielle - Production - Qualité,CDD
Infirmière Stagiaire - Dakar,Dakar,Stage,2025-06-12,Stage / Formation,Santé - Soins médicaux,Stage
Responsable Artistique (H/F) - Dakar,Dakar,CDI,2025-06-12,Non spécifié,Communication - Arts créatifs,CDI
Ingénieur Test et Mise en Service (T&C) - Systèmes Ferroviaires - Abidjan,International,CDI/CDD,2025-06-12,Non spécifié,Transport,CDI/CDD
Coordinateur des Achats - Dakar,Dakar,CDD,2025-06-12,Non spécifié,Achats - Logistique,CDD
Télévendeur - Dakar,Dakar,CDD/Freelance,2025-06-12,Non spécifié,BTP - Énergie - Vente,CDD/Freelance
"Assistant(e) Administratif(ve) et Financier(ère) - Palmarin, Arrondissement de Fimela",Fatick,CDD,2025-06-12,Support administratif,Gestion - Finance - Administration,CDD
Téléconseiller - Saint-Louis,Saint-Louis,Stage,2025-06-11,Non spécifié,Vente,Stage
Développeur Wordpress - Dakar,Dakar,CDI/Freelance,2025-06-10,Informatique-Technologie,Développement web - Design,CDI/Freelance
"Développeur Web Full Stack et Applications (Poste en présentiel) - Grand Dakar, Sénégal",Dakar,CDI,2025-06-10,Informatique-Technologie,Développement web - Bases de données - Programmation,CDI
Business Developer - Dakar,Dakar,CDI,2025-06-09,Non spécifié,Marketing - Vente - Communication,CDI
Commercial(e) Grands Comptes - Dakar,Dakar,CDI/Freelance,2025-06-09,Non spécifié,CRM - Vente,CDI/Freelance
Technicien de Maintenance - France,International,CDI,2025-06-09,Non spécifié,Maintenance industrielle - Automatisation,CDI
Chauffeur Livreur Tricycle - Dakar,Dakar,CDD,2025-06-07,Non spécifié,Logistique - Relation client,CDD
Technicien(ne) de Maintenance (H/F) - France,International,CDI,2025-06-06,Non spécifié,Maintenance industrielle - Production,CDI
Coordinateur des Partenariats - Dakar,Dakar,CDI,2025-06-06,Non spécifié,Santé,CDI
Alternant(e) Technico-Commercial(e) BtoB - BTECH024 - Fontenay-sous-Bois,Dakar - Diourbel - Fatick - Kaffrine - Kaolack - Kédougou - Kolda,Alternance,2025-06-06,Non spécifié,Gestion - Finance - Vente,Alternance
Commercial(e) Télévendeur(euse) - Dakar,Dakar,CDI/Freelance,2025-06-05,Non spécifié,Marketing - Communication,CDI/Freelance
Alternance : Technico-commercial H/F – Spécialisation BtoB - BTECH024 - Fontenay-sous-Bois,Dakar - Diourbel - Fatick - Kaffrine - Kaolack - Kédougou - Kolda,Alternance,2025-06-05,Non spécifié,Gestion - Finance - Vente,Alternance
Alternant(e) Data Scientist (F/H) - Analyse et Modèles Prédictifs - AM - Fontenay-sous-Bois,Dakar - Diourbel - Fatick - Kaffrine - Kaolack - Kédougou - Kolda,Alternance,2025-06-05,Non spécifié,Data science - Gestion - Programmation,Alternance
Alternant(e) Data Analyst (H/F) – Analyse et Visualisation - Fontenay-sous-Bois,Dakar - Diourbel - Fatick - Kaffrine - Kaolack - Kédougou - Kolda,Alternance,2025-06-05,Analyse / Statistiques,Cloud computing - Data science - Gestion,Alternance
Manager des Opérations de Sécurité - Dakar,Dakar,CDD,2025-06-05,Informatique-Technologie,Non applicable,CDD
Commercial - Sindia,Thiès,Intérim,2025-06-05,Non spécifié,Vente - Gestion commerciale,Intérim
Responsable Logistique / Gestionnaire de Stocks - Dakar,Dakar,CDI,2025-06-04,Non spécifié,Logistique - Gestion des stocks,CDI
Développeur ANGULAR (H/F),Dakar - Diourbel - Fatick - Kaffrine - Kaolack - Kédougou - Kolda,CDI/CDD/Freelance,2025-06-04,Informatique-Technologie,Développement web - Programmation,CDI/CDD/Freelance
Ingénieur DevOps (H/F),Dakar - Diourbel - Fatick - Kaffrine - Kaolack - Kédougou - Kolda,CDI/CDD/Freelance,2025-06-04,Non spécifié,DevOps - Développement,CDI/CDD/Freelance
Développeur DOTNET (H/F),Dakar - Diourbel - Fatick - Kaffrine - Kaolack - Kédougou - Kolda,CDI/CDD/Freelance,2025-06-04,Informatique-Technologie,Développement .NET,CDI/CDD/Freelance
Développeur IOS (H/F),Dakar - Diourbel - Fatick - Kaffrine - Kaolack - Kédougou - Kolda,CDI/CDD/Freelance,2025-06-04,Informatique-Technologie,Développement mobile iOS,CDI/CDD/Freelance
Développeur JAVA (H/F),Dakar - Diourbel - Fatick - Kaffrine - Kaolack - Kédougou - Kolda,CDI/CDD/Freelance,2025-06-04,Informatique-Technologie,Développement Java,CDI/CDD/Freelance
Développeur JAVA JEE (H/F),Dakar - Diourbel - Fatick - Kaffrine - Kaolack - Kédougou - Kolda,CDI/CDD/Freelance,2025-06-04,Informatique-Technologie,Développement Java EE,CDI/CDD/Freelance
Développeur JAVASCRIPT (H/F),Dakar - Diourbel - Fatick - Kaffrine - Kaolack - Kédougou - Kolda,CDI/CDD/Freelance,2025-06-04,Informatique-Technologie,Développement JavaScript,CDI/CDD/Freelance
Développeur KOTLIN (H/F),Dakar - Diourbel - Fatick - Kaffrine - Kaolack - Kédougou - Kolda,CDI/CDD/Freelance,2025-06-04,Informatique-Technologie,Développement mobile Android,CDI/CDD/Freelance
Développeur LARAVEL (H/F),Dakar - Diourbel - Fatick - Kaffrine - Kaolack - Kédougou - Kolda,CDI/CDD/Freelance,2025-06-04,Informatique-Technologie,Développement PHP,CDI/CDD/Freelance
Développeur NODE.JS (H/F),Dakar - Diourbel - Fatick - Kaffrine - Kaolack - Kédougou - Kolda,CDI/CDD/Freelance,2025-06-04,Informatique-Technologie,Développement Python,CDI/CDD/Freelance
Développeur OBJECTIVE-C (H/F),Dakar - Diourbel - Fatick - Kaffrine - Kaolack - Kédougou - Kolda,CDI/CDD/Freelance,2025-06-04,Informatique-Technologie,Test logiciel,CDI/CDD/Freelance
Développeur PHP (H/F),Dakar - Diourbel - Fatick - Kaffrine - Kaolack - Kédougou - Kolda,CDI/CDD/Freelance,2025-06-04,Informatique-Technologie,Développement React,CDI/CDD/Freelance
Développeur PYTHON (H/F),Dakar - Diourbel - Fatick - Kaffrine - Kaolack - Kédougou - Kolda,CDI/CDD/Freelance,2025-06-04,Informatique-Technologie,Développement Ruby on Rails,CDI/CDD/Freelance
Testeur QA (H/F),Dakar - Diourbel - Fatick - Kaffrine - Kaolack - Kédougou - Kolda,CDI/CDD/Freelance,2025-06-04,Non spécifié,Développement Swift,CDI/CDD/Freelance
Développeur REACT (H/F),Dakar - Diourbel - Fatick - Kaffrine - Kaolack - Kédougou - Kolda,CDI/CDD/Freelance,2025-06-04,Informatique-Technologie,Administration système,CDI/CDD/Freelance
Développeur RUBY ON RAILS (H/F),Dakar - Diourbel - Fatick - Kaffrine - Kaolack - Kédougou - Kolda,CDI/CDD/Freelance,2025-06-04,Informatique-Technologie,DevOps - Administration système,CDI/CDD/Freelance
Développeur SWIFT (H/F),Dakar - Diourbel - Fatick - Kaffrine - Kaolack - Kédougou - Kolda,CDI/CDD/Freelance,2025-06-04,Informatique-Technologie,DevOps - Administration système,CDI/CDD/Freelance
Ingénieur Test et Validation (H/F),Dakar - Diourbel - Fatick - Kaffrine - Kaolack - Kédougou - Kolda,CDI/CDD/Freelance,2025-06-04,Non spécifié,DevOps - Administration système,CDI/CDD/Freelance
Ingénieur Automatisation des Tests (H/F),Dakar - Diourbel - Fatick - Kaffrine - Kaolack - Kédougou - Kolda,CDI/CDD/Freelance,2025-06-04,Non spécifié,DevOps - Administration système,CDI/CDD/Freelance
UX / UI Designer (H/F),Dakar - Diourbel - Fatick - Kaffrine - Kaolack - Kédougou - Kolda,CDI/CDD/Freelance,2025-06-04,Non spécifié,Développement web - Design,CDI/CDD/Freelance
Architecte Cloud AWS (H/F),Dakar - Diourbel - Fatick - Kaffrine - Kaolack - Kédougou - Kolda,CDI/CDD/Freelance,2025-06-04,Informatique-Technologie,DevOps - Administration système,CDI/CDD/Freelance
Architecte Solutions AWS (H/F),Dakar - Diourbel - Fatick - Kaffrine - Kaolack - Kédougou - Kolda,CDI/CDD/Freelance,2025-06-04,Informatique-Technologie,Big Data - DevOps,CDI/CDD/Freelance
Architecte Solutions AZURE (H/F),Dakar - Diourbel - Fatick - Kaffrine - Kaolack - Kédougou - Kolda,CDI/CDD/Freelance,2025-06-04,Informatique-Technologie,Cloud computing - Bases de données,CDI/CDD/Freelance
Architecte Cloud (H/F),Dakar - Diourbel - Fatick - Kaffrine - Kaolack - Kédougou - Kolda,CDI/CDD/Freelance,2025-06-04,Informatique-Technologie,Développement cloud,CDI/CDD/Freelance
Ingénieur Cloud Computing et Virtualisation (H/F),Dakar - Diourbel - Fatick - Kaffrine - Kaolack - Kédougou - Kolda,CDI/CDD/Freelance,2025-06-04,Non spécifié,Cloud computing - DevOps,CDI/CDD/Freelance
Ingénieur Cloud (H/F),Dakar - Diourbel - Fatick - Kaffrine - Kaolack - Kédougou - Kolda,CDI/CDD/Freelance,2025-06-04,Non spécifié,Réseaux - Automatisation,CDI/CDD/Freelance
Architecte Microservices Cloud (H/F),Dakar - Diourbel - Fatick - Kaffrine - Kaolack - Kédougou - Kolda,CDI/CDD/Freelance,2025-06-04,Informatique-Technologie,Cloud computing,CDI/CDD/Freelance
Administrateur Système Cloud (H/F),Dakar - Diourbel - Fatick - Kaffrine - Kaolack - Kédougou - Kolda,CDI/CDD/Freelance,2025-06-04,Non spécifié,Systèmes - Réseaux,CDI/CDD/Freelance
Intégrateur Système Cloud (H/F),Dakar - Diourbel - Fatick - Kaffrine - Kaolack - Kédougou - Kolda,CDI/CDD/Freelance,2025-06-04,Non spécifié,Méthodologie Agile,CDI/CDD/Freelance
Ingénieur Cybersécurité (H/F),Dakar - Diourbel - Fatick - Kaffrine - Kaolack - Kédougou - Kolda,CDI/CDD/Freelance,2025-06-04,Informatique-Technologie,Développement - Virtualisation,CDI/CDD/Freelance
Architecte DATASTAGE (H/F),Dakar - Diourbel - Fatick - Kaffrine - Kaolack - Kédougou - Kolda,CDI/CDD/Freelance,2025-06-04,Informatique-Technologie,Data Integration - Développement Java,CDI/CDD/Freelance
Architecte GENESYS (H/F),Dakar - Diourbel - Fatick - Kaffrine - Kaolack - Kédougou - Kolda,CDI/CDD/Freelance,2025-06-04,Informatique-Technologie,Virtualisation - Scripting,CDI/CDD/Freelance
Architecte Réseau (H/F),Dakar - Diourbel - Fatick - Kaffrine - Kaolack - Kédougou - Kolda,CDI/CDD/Freelance,2025-06-04,Informatique-Technologie,Réseaux informatiques,CDI/CDD/Freelance
Administrateur Base de Données IMS/DB2 Z/OS (H/F),Dakar - Diourbel - Fatick - Kaffrine - Kaolack - Kédougou - Kolda,CDI/CDD/Freelance,2025-06-04,Non spécifié,Mainframe,CDI/CDD/Freelance
Ingénieur Système Z/OS Senior Stockage (H/F),Dakar - Diourbel - Fatick - Kaffrine - Kaolack - Kédougou - Kolda,CDI/CDD/Freelance,2025-06-04,Non spécifié,Mainframe - Systèmes IBM,CDI/CDD/Freelance
Ingénieur Système Z/OS Middleware (H/F),Dakar - Diourbel - Fatick - Kaffrine - Kaolack - Kédougou - Kolda,CDI/CDD/Freelance,2025-06-04,Non spécifié,Mainframe - Intégration,CDI/CDD/Freelance
Consultant SAP ABAP (H/F),Dakar - Diourbel - Fatick - Kaffrine - Kaolack - Kédougou - Kolda,CDI/Freelance,2025-06-04,Non spécifié,Développement SAP,CDI/Freelance
Consultant SAP FI-CO/PS (H/F),Dakar - Diourbel - Fatick - Kaffrine - Kaolack - Kédougou - Kolda,CDI/Freelance,2025-06-04,Non spécifié,SAP,CDI/Freelance
Consultant SAP EHS (H/F),Dakar - Diourbel - Fatick - Kaffrine - Kaolack - Kédougou - Kolda,CDI/Freelance,2025-06-04,Non spécifié,Conformité - SAP,CDI/Freelance
Consultant SAP Senior (H/F),Dakar - Diourbel - Fatick - Kaffrine - Kaolack - Kédougou - Kolda,CDI/Freelance,2025-06-04,Non spécifié,Développement SAP,CDI/Freelance
Consultant SAP MM/SD/EWM/PP/QM/CAR (H/F),Dakar - Diourbel - Fatick - Kaffrine - Kaolack - Kédougou - Kolda,CDI/Freelance,2025-06-04,Non spécifié,SAP,CDI/Freelance
Lead Développeur Java JEE (H/F),Dakar - Diourbel - Fatick - Kaffrine - Kaolack - Kédougou - Kolda,CDI/Freelance,2025-06-04,Informatique-Technologie,Développement Java EE,CDI/Freelance
Surveillant(e) du Service Alimentaire - Vancouver/Canada,International,CDI/CDD,2025-06-04,Non spécifié,Comptabilité - Finance - Formation,CDI/CDD
Commercial (Maîtrise de l’anglais requise) - Dakar,Dakar,CDD,2025-06-03,Non spécifié,Marketing - Vente,CDD
Responsable de l’Administration et des Finances - Tambacounda,Tambacounda,CDD,2025-06-03,Comptabilité-Finance,Comptabilité - Finance,CDD
Spécialiste Support Technique (H/F) - Mauritanie,International,CDI,2025-06-03,Informatique-Technologie,Microsoft,CDI
Chef de Projet Senior - Dakar,Dakar,CDD,2025-06-02,Non spécifié,Non applicable,CDD
Stagiaire Assistant(e) Comptable - Dakar,Dakar,Stage,2025-06-02,Support administratif,Comptabilité - RH,Stage
Gérant de Magasin - Québec,International,CDI,2025-06-02,Non spécifié,Finance - Vente,CDI
Technicien(ne) en Agriculture - Vancouver/Canada,International,CDI/CDD,2025-06-02,Non spécifié,Environnement - Maintenance industrielle,CDI/CDD
Data Scientist / Data Analyst - Dakar,Dakar,CDD,2025-06-02,Analyse / Statistiques,Business Intelligence,CDD
Ingénieur DevOps et Administrateur Système - Dakar,Dakar,CDD,2025-06-02,Non spécifié,Monitoring - Cloud computing,CDD
Spécialiste Cybersécurité - Dakar,Dakar,CDD,2025-06-02,Informatique-Technologie,Sécurité informatique,CDD
Optimiseur - Expatriation H/F - Nantes Sud,Dakar - Diourbel - Fatick - Kaffrine - Kaolack - Kédougou - Kolda,CDI,2025-05-31,Non spécifié,Génie civil,CDI
Spécialiste de Contenu ou Administrateur de Données - Dakar,Dakar,CDI,2025-05-29,Non spécifié,Communication - Marketing,CDI
Chef Cuisinier - Dakar,Dakar,CDD/Stage,2025-05-28,Non spécifié,Tourisme,CDD/Stage
Spécialiste Infrastructure Réseau - Dakar,Dakar,CDI,2025-05-27,Non spécifié,Réseaux,CDI
Spécialiste Support IT – Fonctionnel - Dakar,Dakar,CDI,2025-05-27,Informatique-Technologie,Microsoft,CDI
Spécialiste Support IT – Technique - Dakar,Dakar,CDI,2025-05-27,Informatique-Technologie,Messagerie - Microsoft,CDI
Conseiller(ère) Commercial(e) - Saly,Thiès,CDD,2025-05-27,Non spécifié,CRM,CDD
Directeur de Travaux - Dakar,Dakar,CDD,2025-05-23,Non spécifié,Non applicable,CDD
Ingénieur OPC - Dakar,Dakar,CDD,2025-05-23,Non spécifié,CAO - BTP,CDD
Délégué Médical - Dakar,Dakar & Thiès,CDD,2025-05-23,Non spécifié,Communication - Santé,CDD
Conducteur de Travaux - Dakar,Dakar,CDD,2025-05-23,Non spécifié,CAO,CDD
Télévendeur H/F - Télétravail,International,CDI/Freelance,2025-05-22,Non spécifié,Vente,CDI/Freelance
Ingénieur Chef de Projet Spécialisé en Pivot - Saint-Louis,Dakar & Saint-Louis,CDI,2025-05-22,Non spécifié,Vente,CDI
Commercial Terrain - Dakar,Dakar,Stage,2025-05-21,Non spécifié,Marketing - Vente,Stage
Stagiaire en Qualité de Technicien de Surface - Dakar,Dakar,Stage,2025-05-21,Stage / Formation,Nettoyage,Stage
Webmaster - Marrakech,International,Stage,2025-05-21,Non spécifié,Marketing digital,Stage
Stagiaire Webmaster (H/F) - Marrakech,International,Stage,2025-05-21,Stage / Formation,Marketing - Communication - Vente,Stage
Stagiaire Technicien de Surface - Dakar,Dakar,CDD/Stage,2025-05-20,Stage / Formation,Nettoyage,CDD/Stage
Chauffeur-Partenaire - Dakar,Dakar & International,Freelance,2025-05-20,Non spécifié,Sécurité,Freelance
Responsable Communication et Bureau d'Ordre - Dakar,Dakar,CDI/CDD,2025-05-20,Marketing-Communication,Marketing digital - Communication,CDI/CDD
Chef de Service Core Network and IN - Conakry,International,CDI,2025-05-20,Non spécifié,Gestion IT - Réseaux,CDI
Responsable Administratif et Financier (H/F) - Dakar,Dakar,CDI,2025-05-20,Non spécifié,Comptabilité - Finance,CDI
Manager Call Center - Dakar,Dakar,CDI,2025-05-19,Non spécifié,CRM - Vente,CDI
Chauffeur H/F - Dakar,Dakar,Intérim,2025-05-19,Non spécifié,Transport,Intérim
Directeur d'Hôtel - Dakar,Dakar,CDI/CDD,2025-05-19,Non spécifié,Management - Stratégie,CDI/CDD
Stagiaire Community Manager - Dakar,Dakar,Stage,2025-05-19,Stage / Formation,Marketing - Communication,Stage
Stagiaire Comptable - Mbour,Thiès,Stage,2025-05-16,Stage / Formation,Comptabilité - Finance,Stage
Télévendeur Expérimenté en Assurance - Dakar,Dakar,Stage,2025-05-16,Non spécifié,Marketing - Vente,Stage
Superviseur des Ventes - Dakar,Dakar,CDD,2025-05-16,Non spécifié,Vente - Gestion commerciale,CDD
Sales Manager (H/F) – Distribution Alimentaire - Dakar,Dakar,CDI/CDD,2025-05-15,Non spécifié,Management commercial,CDI/CDD
Expert Odoo – Marketing Digital & CRM - Dakar,Dakar,CDI/Freelance,2025-05-15,Informatique-Technologie,Non applicable,CDI/Freelance
Électromécanicien - Diamniadio,Dakar,CDD/Stage,2025-05-15,Non spécifié,Agroalimentaire - Maintenance industrielle,CDD/Stage
Assistant de Direction - Dakar,Dakar,CDD,2025-05-15,Support administratif,Administration - RH,CDD
Chauffeur - Saraya,Dakar & Kédougou,CDI/CDD,2025-05-14,Non spécifié,Non applicable,CDI/CDD
Business Analyst - Dakar,Dakar,CDD/Freelance,2025-05-14,Analyse / Statistiques,Analyse commerciale,CDD/Freelance
Assistant(e) Marketing - Dakar,Dakar,CDD,2025-05-14,Support administratif,Marketing - Vente,CDD
Téléconseiller - Dakar,Dakar,CDI/CDD,2025-05-14,Non spécifié,Marketing - Vente,CDI/CDD
Médecin - Rabat,International,CDD,2025-05-14,Non spécifié,Biologie médicale,CDD
Développeur Full Stack - Full Remote,International,CDI/Freelance,2025-05-14,Informatique-Technologie,Développement web,CDI/Freelance
Business Developer - Dakar,Dakar - Diourbel - Fatick - Kaffrine - Kaolack - Kédougou - Kolda,CDD,2025-05-14,Non spécifié,Stratégie commerciale,CDD
Serveur(euse) - Dakar,Dakar,CDI,2025-05-13,Non spécifié,Hôtellerie - Restauration,CDI
Représentant de l'Agence - Saint-Louis,Dakar - Kaffrine - Kaolack - Saint-Louis - Thiès & Ziguinchor,Freelance,2025-05-13,Non spécifié,Hôtellerie - Marketing,Freelance
Agent de Facturation - Dakar,Dakar,CDD,2025-05-13,Non spécifié,Comptabilité,CDD
Assistant(e) - Télétravail,International,Freelance,2025-05-12,Support administratif,Assistanat - Marketing,Freelance
Assistant(e) Marketing - Dakar,Dakar,Stage,2025-05-12,Support administratif,Marketing digital,Stage
Stagiaire Webmaster (H/F) - Marrakech,International,Stage,2025-05-12,Stage / Formation,SEO - Marketing,Stage
Agent(e) d'Entretien Ménager - Québec,International,CDI,2025-05-12,Non spécifié,Assistanat - Formation,CDI
Chargé d'Études Fluides Génie Climatique - Dakar,Dakar,CDD,2025-05-12,Non spécifié,Génie climatique,CDD
Collaborateur Santé - Québec,International,CDI,2025-05-09,Non spécifié,Santé,CDI
Médecin - Québec,International,CDI,2025-05-09,Non spécifié,Santé,CDI
Commercial - Dakar,Dakar & International,CDD,2025-05-09,Non spécifié,Stratégie commerciale,CDD
Superviseur Génie Civil - Kédougou,Dakar & Kédougou,CDD,2025-05-09,Non spécifié,BTP - Management,CDD
Superviseur QHSE Chantier de Construction - Kédougou,Kédougou & International,CDD,2025-05-09,Non spécifié,Construction - QHSE,CDD
Chef de Chantier - Kédougou,Dakar - Kédougou & International,CDD,2025-05-09,Non spécifié,BTP - Management,CDD
Stagiaire Assistant(e) Comptable - Dakar,Dakar,Stage,2025-05-08,Support administratif,Comptabilité - RH,Stage
Conseiller Commercial Expert en Assurances Santé H/F - Dakar,Dakar,CDI/CDD,2025-05-06,Non spécifié,Techniques commerciales,CDI/CDD
"Chef de Service Ingénierie, Construction et Maintenance Réseau Passif - Conakry",International,CDI,2025-05-06,Non spécifié,CAO - SIG,CDI
Directeur Télécoms et Réseaux - Conakry,International,CDI,2025-05-03,Non spécifié,Management IT,CDI
Agent Commercial - Dakar,Dakar,CDD/Stage,2025-05-02,Non spécifié,Marketing commercial,CDD/Stage
Conducteur(trice) de Tracteur Agricole - Vancouver/Canada,International,CDI/CDD,2025-05-02,Non spécifié,Gestion - Transport,CDI/CDD
Assistant(e) Gestion des Réseaux Sociaux et Création de Contenu - Sénégal,International,Stage,2025-05-02,Support administratif,Design - Marketing,Stage
Travailleur(euse) Affecté(e) à la Récolte - Vancouver/Canada,International,CDI/CDD,2025-05-02,Non spécifié,Management - Communication,CDI/CDD
Téléprospecteur Expert en Rénovation d'Envergure - Télétravail,Dakar - Saint-Louis - Thiès & Ziguinchor,CDD/Stage,2025-05-02,Non spécifié,Télémarketing,CDD/Stage
Rédacteur(trice) Web - Dakar,Dakar,CDI,2025-05-02,Non spécifié,Rédaction,CDI
Gestionnaire RH Expérimenté(e) - Dakar,Dakar,CDI,2025-05-02,Ressources Humaines,RH - Formation,CDI
Commercial(e) BtoB Spécialisé(e) en Externalisation des RH - Dakar,Dakar,CDI,2025-05-02,Ressources Humaines,Gestion administrative - RH,CDI
Représentant Commercial Terrain et Réseaux Sociaux - Dakar,Dakar,Freelance,2025-05-02,Non spécifié,Marketing - Vente,Freelance
Technicien en Maintenance Machine et Opérateur de Production - Rufisque,Dakar,CDD,2025-05-02,Non spécifié,Maintenance industrielle - Agroalimentaire,CDD
Stagiaire en Marketing Digital - Mermoz,Dakar,CDD,2025-05-02,Stage / Formation,Marketing digital,CDD
Agriculteur(trice) Expérimenté(e) - Vancouver/Canada,International,CDI/CDD,2025-05-02,Non spécifié,Agriculture - Qualité,CDI/CDD
Spécialiste UX/UI Design - Dakar,Dakar,CDD,2025-05-02,Non spécifié,Développement web,CDD
Spécialiste Front-End - Dakar,Dakar,CDD,2025-05-02,Non spécifié,Développement front-end,CDD
Spécialiste Back-End - Dakar,Dakar,CDD,2025-05-02,Non spécifié,Développement back-end - Cloud,CDD
"Stagiaire Assistant(e) Digital, Commercial et Opérations - Dakar",Dakar,Stage,2025-04-30,Support administratif,E-commerce - Marketing,Stage
Télévendeur - Thiès,Thiès,CDI/Stage,2025-04-30,Non spécifié,Vente,CDI/Stage
Responsable Logistique (Delivery Manager) - Dakar,Dakar,CDI,2025-04-29,Non spécifié,Logistique,CDI
Technicien Installateur - Dakar,Dakar,Stage,2025-04-29,Non spécifié,Non applicable,Stage
Magasinier - Dakar,Dakar,CDD/Stage,2025-04-29,Non spécifié,Transport,CDD/Stage
Stagiaire Community Manager - Dakar,Dakar & International,Stage,2025-04-28,Stage / Formation,Communication,Stage
Infirmier(ère) - Ottawa,International,CDI/CDD/Freelance,2025-04-28,Non spécifié,Santé,CDI/CDD/Freelance
Responsable Commercial (Secteur Touristique Hôtelier) - Dakar,Dakar,CDD,2025-04-26,Non spécifié,Stratégie commerciale,CDD
Télévendeur - Dakar,Dakar,CDI/Stage,2025-04-26,Non spécifié,Vente,CDI/Stage
Gestionnaire Fournisseurs - Télétravail,International,Freelance,2025-04-25,Non spécifié,Administration - Gestion,Freelance
Coordinateur du Projet PEAG - Conakry,International,CDD,2025-04-25,Non spécifié,BTP - Management,CDD
Expert International en Administration et Finances (Projet PEAG) - Conakry,International,CDD,2025-04-25,Comptabilité-Finance,Gestion financière,CDD
Expert International en Passation de Marchés PEAG (Systèmes-IDA) - Conakry,International,CDD,2025-04-25,Non spécifié,Gestion financière,CDD
Expert International en Passation de Marchés PEAG (Systèmes-BEI) - Conakry,International,CDD,2025-04-25,Non spécifié,Gestion financière,CDD
Responsable des Opérations (Projet PEAG) - Conakry,International,CDD,2025-04-25,Non spécifié,Gestion de projet,CDD
Spécialiste en Passation de Marchés (Projet PEAG) - Conakry,International,CDD,2025-04-25,Non spécifié,Gestion des achats,CDD
Spécialiste en Sauvegarde Environnementale (Projet PEAG) - Conakry,International,CDD,2025-04-25,Non spécifié,Management - Sécurité,CDD
Spécialiste en Sauvegarde Sociale (Projet PEAG) - Conakry,International,CDD,2025-04-25,Non spécifié,Gestion sociale - Environnement,CDD
Technicien en Installation de Lampadaires Solaires - Kaolack,Kaolack & Thiès,CDD,2025-04-24,Non spécifié,Énergie solaire - BTP,CDD
Responsable des Opérations Médiatiques et Diffusion (H/F) - Dakar,Dakar & Thiès,CDD,2025-04-24,Non spécifié,Communication - Médias,CDD
Opérateur de Gestion de Caisse - Sénégal,International,Alternance,2025-04-23,Non spécifié,Comptabilité,Alternance
Responsable Financier - Dakar,Dakar,CDD,2025-04-23,Non spécifié,Audit financier,CDD
Graphiste - Dakar,Dakar,CDI/CDD,2025-04-23,Non spécifié,Design,CDI/CDD
Responsable Logistique (Delivery Manager) - Dakar,Dakar,CDI,2025-04-23,Non spécifié,Logistique,CDI
Vendeuse - Diamniadio,Dakar,Freelance,2025-04-23,Non spécifié,Marketing commercial,Freelance
Assistante Commerciale - Dakar,Dakar,Stage,2025-04-22,Support administratif,Vente - Prospection,Stage
"Coordinateur(trice) de Chantier Agricole BTP (Génie Civil, Travaux Publics) - Dakar",Dakar,CDD,2025-04-22,Non spécifié,BTP,CDD
Commercial Terrain - Dakar,Dakar - Diourbel - Fatick - Kaffrine - Kaolack - Kédougou - Kolda,CDD,2025-04-22,Non spécifié,Management commercial,CDD
Superviseur Commercial - Dakar,Dakar - Diourbel - Fatick - Kaffrine - Kaolack - Kédougou - Kolda,CDD,2025-04-22,Non spécifié,Management commercial,CDD
Agent Influenceur - Dakar,Dakar & International,CDI,2025-04-21,Non spécifié,RH - Formation,CDI
"Stagiaire Assistant(e) Digital, Commercial et Opérations - Dakar",Dakar,Stage/Alternance,2025-04-21,Support administratif,E-commerce,Stage/Alternance
Stagiaire Assistant(e) Coordinateur(trice) de Chantier Logistique - Dakar,Dakar,CDD,2025-04-18,Support administratif,BTP,CDD
"Technicien(ne) en Impression Digitale Polyvalent(e) (Vinyle, Sérigraphie...) - Dakar",Dakar,Intérim,2025-04-18,Informatique-Technologie,Maintenance industrielle,Intérim
Chargé(e) de Marketing Social et Graphiste - Dakar,Dakar,CDI/Freelance,2025-04-18,Marketing-Communication,Communication marketing,CDI/Freelance
Social Media Manager / Planificateur(trice) de Réseaux Sociaux - Télétravail,International,CDD/Freelance,2025-04-18,Non spécifié,Communication,CDD/Freelance
Business Analyst - Londres,International,CDI,2025-04-18,Analyse / Statistiques,Assistanat,CDI
Stagiaire en Développement Web - Lomé,Dakar & International,Stage,2025-04-17,Stage / Formation,Développement web,Stage
Cuisinier Polyvalent Professionnel - Bambilor,Dakar,CDI,2025-04-17,Non spécifié,Tourisme,CDI
"Digital Content Manager - Keur Massar, Dakar",Dakar,CDD/Stage,2025-04-16,Informatique-Technologie,Marketing digital,CDD/Stage
Téléprospecteur B2B - Petit Mbao,Dakar,CDD,2025-04-15,Informatique-Technologie,Non applicable,CDD
Électricien - Bucarest,International,CDI,2025-04-15,Non spécifié,BTP,CDI
Serrurier Mécanique - Bucarest,International,CDI,2025-04-15,Non spécifié,BTP,CDI
Plombier - Bucarest,International,CDI,2025-04-15,Non spécifié,BTP,CDI
"Soudeur MIG MAG - Bucarest, Roumanie",International,CDI/Intérim,2025-04-15,Non spécifié,BTP,CDI/Intérim
Assistant Qualité - Dakar,Dakar,CDD,2025-04-14,Support administratif,RH,CDD
"Chargé(e) des Ressources Humaines - Ouakam, Dakar",Dakar,CDI/CDD,2025-04-14,Ressources Humaines,RH,CDI/CDD
"Cuisinière - Zac Mbao, Dakar",Dakar,Freelance,2025-04-14,Non spécifié,Non applicable,Freelance
Chargé(e) d'Infrastructure et Sécurité IT (H/F) - Freelance ou CDI - Dakar,Dakar,CDI/CDD/Freelance,2025-04-14,Informatique-Technologie,Administration système,CDI/CDD/Freelance
Responsable Pilotage et Animation du Réseau de Distribution H/F - Dakar,Dakar,CDI,2025-04-14,Non spécifié,Stratégie commerciale,CDI
Designer - Sacré Cœur 2 (Cité Keur Gorgui),Dakar,CDI,2025-04-14,Informatique-Technologie,UI/UX Design,CDI
Commercial Sédentaire - Dakar,Dakar,CDI,2025-04-14,Non spécifié,Vente,CDI
Assistante Administrative et Comptable - Dakar,Dakar,CDI,2025-04-14,Support administratif,Administration - Gestion,CDI
"Chargé.e d’évaluation Senior pour le Sénégal, basé.e à Dakar",Dakar,CDI,,Non spécifié,Évaluation - Gestion de projet,CDI
"Responsable de Recherche (Associé.e) pour le Sénégal, basé.e à Dakar",Dakar,CDI,,Non spécifié,Recherche - Analyse,CDI
Evidence to Advocacy Specialist: Conflict and Crisis-Affected Settings,Dakar,CDI,2025-04-15,Plaidoyer / Droits humains,Plaidoyer - Gestion de crise,CDI
RDH DTM Reporting Intern,Dakar,CDI,2025-04-14,Humanitaire / Analyse de données,Reporting - Gestion de l'information,CDI
RDH Information Management Intern: Overview,Dakar,CDI,2025-04-14,Humanitaire / Analyse de données,Gestion de l'information - Analyse,CDI
Chargé.e. de projet « RISE & PLAY » Sénégal,Dakar,CDI,2025-04-13,Non spécifié,Gestion de projet - Développement,CDI
CHARGÉ.E DE PROJET – PROTECTION DES LANCEURS D’ALERTE ET LUTTE CONTRE LES FLUX FINANCIERS ILLICITES,Dakar,CDI,2025-04-13,Gestion de projet,Protection - Finance - Gouvernance,CDI
"Senior Communications Officer, Africa Team",Dakar,CDI,2025-04-12,Communication / Médias,Communication - Stratégie,CDI
Senior Analyst – West Africa,Dakar,CDI,2025-04-12,Analyse / Statistiques,Analyse - Géopolitique,CDI
Regional Product Launch Manager,Dakar,CDI,2025-04-12,Non spécifié,Management - Marketing,CDI
"Chargé.e d’évaluation Senior pour le Sénégal, basé.e à Dakar",Dakar,CDI,,Non spécifié,Évaluation - Gestion de projet,CDI
"Responsable de Recherche (Associé.e) pour le Sénégal, basé.e à Dakar",Dakar,CDI,,Non spécifié,Recherche - Analyse,CDI
Evidence to Advocacy Specialist: Conflict and Crisis-Affected Settings,Dakar,CDI,2025-04-15,Plaidoyer / Droits humains,Plaidoyer - Gestion de crise,CDI
RDH DTM Reporting Intern,Dakar,CDI,2025-04-14,Humanitaire / Analyse de données,Reporting - Gestion de l'information,CDI
RDH Information Management Intern: Overview,Dakar,CDI,2025-04-14,Humanitaire / Analyse de données,Gestion de l'information - Analyse,CDI
Chargé.e. de projet « RISE & PLAY » Sénégal,Dakar,CDI,2025-04-13,Non spécifié,Gestion de projet - Développement,CDI
CHARGÉ.E DE PROJET – PROTECTION DES LANCEURS D’ALERTE ET LUTTE CONTRE LES FLUX FINANCIERS ILLICITES,Dakar,CDI,2025-04-13,Gestion de projet,Protection - Finance - Gouvernance,CDI
"Senior Communications Officer, Africa Team",Dakar,CDI,2025-04-12,Communication / Médias,Communication - Stratégie,CDI
Senior Analyst – West Africa,Dakar,CDI,2025-04-12,Analyse / Statistiques,Analyse - Géopolitique,CDI
Regional Product Launch Manager,Dakar,CDI,2025-04-12,Non spécifié,Management - Marketing,CDI
"Chargé.e d’évaluation Senior pour le Sénégal, basé.e à Dakar",Dakar,CDI,,Non spécifié,Évaluation - Gestion de projet,CDI
"Responsable de Recherche (Associé.e) pour le Sénégal, basé.e à Dakar",Dakar,CDI,,Non spécifié,Recherche - Analyse,CDI
Evidence to Advocacy Specialist: Conflict and Crisis-Affected Settings,Dakar,CDI,2025-04-14,Plaidoyer / Droits humains,Plaidoyer - Gestion de crise,CDI
RDH DTM Reporting Intern,Dakar,CDI,2025-04-13,Humanitaire / Analyse de données,Reporting - Gestion de l'information,CDI
RDH Information Management Intern: Overview,Dakar,CDI,2025-04-13,Humanitaire / Analyse de données,Gestion de l'information - Analyse,CDI
Chargé.e. de projet « RISE & PLAY » Sénégal,Dakar,CDI,2025-04-12,Non spécifié,Gestion de projet - Développement,CDI
CHARGÉ.E DE PROJET – PROTECTION DES LANCEURS D’ALERTE ET LUTTE CONTRE LES FLUX FINANCIERS ILLICITES,Dakar,CDI,2025-04-12,Gestion de projet,Protection - Finance - Gouvernance,CDI
"Senior Communications Officer, Africa Team",Dakar,CDI,2025-04-12,Communication / Médias,Communication - Stratégie,CDI
Senior Analyst – West Africa,Dakar,CDI,2025-04-11,Analyse / Statistiques,Analyse - Géopolitique,CDI
Regional Product Launch Manager,Dakar,CDI,2025-04-11,Non spécifié,Management - Marketing,CDI
"Chargé.e d’évaluation Senior pour le Sénégal, basé.e à Dakar",Dakar,CDI,,Non spécifié,Évaluation - Gestion de projet,CDI
"Responsable de Recherche (Associé.e) pour le Sénégal, basé.e à Dakar",Dakar,CDI,,Non spécifié,Recherche - Analyse,CDI
Evidence to Advocacy Specialist: Conflict and Crisis-Affected Settings,Dakar,CDI,2025-04-15,Plaidoyer / Droits humains,Plaidoyer - Gestion de crise,CDI
RDH DTM Reporting Intern,Dakar,CDI,2025-04-14,Humanitaire / Analyse de données,Reporting - Gestion de l'information,CDI
RDH Information Management Intern: Overview,Dakar,CDI,2025-04-14,Humanitaire / Analyse de données,Gestion de l'information - Analyse,CDI
Chargé.e. de projet « RISE & PLAY » Sénégal,Dakar,CDI,2025-04-13,Non spécifié,Gestion de projet - Développement,CDI
CHARGÉ.E DE PROJET – PROTECTION DES LANCEURS D’ALERTE ET LUTTE CONTRE LES FLUX FINANCIERS ILLICITES,Dakar,CDI,2025-04-13,Gestion de projet,Protection - Finance - Gouvernance,CDI
"Senior Communications Officer, Africa Team",Dakar,CDI,2025-04-12,Communication / Médias,Communication - Stratégie,CDI
Senior Analyst – West Africa,Dakar,CDI,2025-04-12,Analyse / Statistiques,Analyse - Géopolitique,CDI
Regional Product Launch Manager,Dakar,CDI,2025-04-12,Non spécifié,Management - Marketing,CDI
"Chargé.e d’évaluation Senior pour le Sénégal, basé.e à Dakar",Dakar,CDI,,Non spécifié,Évaluation - Gestion de projet,CDI
"Responsable de Recherche (Associé.e) pour le Sénégal, basé.e à Dakar",Dakar,CDI,,Non spécifié,Recherche - Analyse,CDI
Evidence to Advocacy Specialist: Conflict and Crisis-Affected Settings,Dakar,CDI,2025-04-15,Plaidoyer / Droits humains,Plaidoyer - Gestion de crise,CDI
RDH DTM Reporting Intern,Dakar,CDI,2025-04-14,Humanitaire / Analyse de données,Reporting - Gestion de données,CDI
RDH Information Management Intern: Overview,Dakar,CDI,2025-04-14,Humanitaire / Analyse de données,Gestion de l'information - Analyse,CDI
Chargé.e. de projet « RISE & PLAY » Sénégal,Dakar,CDI,2025-04-13,Non spécifié,Gestion de projet - Développement,CDI
CHARGÉ.E DE PROJET – PROTECTION DES LANCEURS D’ALERTE ET LUTTE CONTRE LES FLUX FINANCIERS ILLICITES,Dakar,CDI,2025-04-13,Gestion de projet,Protection - Finance - Gouvernance,CDI
"Senior Communications Officer, Africa Team",Dakar,CDI,2025-04-12,Communication / Médias,Communication - Stratégie,CDI
Senior Analyst – West Africa,Dakar,CDI,2025-04-12,Analyse / Statistiques,Analyse - Géopolitique,CDI
Regional Product Launch Manager,Dakar,CDI,2025-04-12,Non spécifié,Management - Marketing,CDI
"Chargé.e d’évaluation Senior pour le Sénégal, basé.e à Dakar",Dakar,CDI,,Non spécifié,Évaluation - Gestion de projet,CDI
"Responsable de Recherche (Associé.e) pour le Sénégal, basé.e à Dakar",Dakar,CDI,,Non spécifié,Recherche - Analyse,CDI
Evidence to Advocacy Specialist: Conflict and Crisis-Affected Settings,Dakar,CDI,2025-04-14,Plaidoyer / Droits humains,Plaidoyer - Gestion de crise,CDI
RDH DTM Reporting Intern,Dakar,CDI,2025-04-13,Humanitaire / Analyse de données,Reporting - Gestion de données,CDI
RDH Information Management Intern: Overview,Dakar,CDI,2025-04-13,Humanitaire / Analyse de données,Gestion de l'information - Analyse,CDI
Chargé.e. de projet « RISE & PLAY » Sénégal,Dakar,CDI,2025-04-12,Non spécifié,Gestion de projet - Développement,CDI
CHARGÉ.E DE PROJET – PROTECTION DES LANCEURS D’ALERTE ET LUTTE CONTRE LES FLUX FINANCIERS ILLICITES,Dakar,CDI,2025-04-12,Gestion de projet,Protection - Finance - Gouvernance,CDI
"Senior Communications Officer, Africa Team",Dakar,CDI,2025-04-12,Communication / Médias,Communication - Stratégie,CDI
Senior Analyst – West Africa,Dakar,CDI,2025-04-11,Analyse / Statistiques,Analyse - Géopolitique,CDI
Regional Product Launch Manager,Dakar,CDI,2025-04-11,Non spécifié,Management - Marketing,CDI
"Chargé.e d’évaluation Senior pour le Sénégal, basé.e à Dakar",Dakar,CDI,,Non spécifié,Évaluation - Gestion de projet,CDI
"Responsable de Recherche (Associé.e) pour le Sénégal, basé.e à Dakar",Dakar,CDI,,Non spécifié,Recherche - Analyse,CDI
Evidence to Advocacy Specialist: Conflict and Crisis-Affected Settings,Dakar,CDI,2025-04-14,Plaidoyer / Droits humains,Plaidoyer - Gestion de crise,CDI
RDH DTM Reporting Intern,Dakar,CDI,2025-04-13,Humanitaire / Analyse de données,Reporting - Gestion de données,CDI
RDH Information Management Intern: Overview,Dakar,CDI,2025-04-13,Humanitaire / Analyse de données,Gestion de l'information - Analyse,CDI
Chargé.e. de projet « RISE & PLAY » Sénégal,Dakar,CDI,2025-04-12,Non spécifié,Gestion de projet - Développement,CDI
CHARGÉ.E DE PROJET – PROTECTION DES LANCEURS D’ALERTE ET LUTTE CONTRE LES FLUX FINANCIERS ILLICITES,Dakar,CDI,2025-04-12,Gestion de projet,Protection - Finance - Gouvernance,CDI
"Senior Communications Officer, Africa Team",Dakar,CDI,2025-04-12,Communication / Médias,Communication - Stratégie,CDI
Senior Analyst – West Africa,Dakar,CDI,2025-04-11,Analyse / Statistiques,Analyse - Géopolitique,CDI
Regional Product Launch Manager,Dakar,CDI,2025-04-11,Non spécifié,Management - Marketing,CDI
"Chargé.e d’évaluation Senior pour le Sénégal, basé.e à Dakar",Dakar,CDI,,Non spécifié,Évaluation - Gestion de projet,CDI
"Responsable de Recherche (Associé.e) pour le Sénégal, basé.e à Dakar",Dakar,CDI,,Non spécifié,Recherche - Analyse,CDI
Evidence to Advocacy Specialist: Conflict and Crisis-Affected Settings,Dakar,CDI,2025-04-14,Plaidoyer / Droits humains,Plaidoyer - Gestion de crise,CDI
RDH DTM Reporting Intern,Dakar,CDI,2025-04-13,Humanitaire / Analyse de données,Reporting - Gestion de données,CDI
RDH Information Management Intern: Overview,Dakar,CDI,2025-04-13,Humanitaire / Analyse de données,Gestion de l'information - Analyse,CDI
Chargé.e. de projet « RISE & PLAY » Sénégal,Dakar,CDI,2025-04-12,Non spécifié,Gestion de projet - Développement,CDI
CHARGÉ.E DE PROJET – PROTECTION DES LANCEURS D’ALERTE ET LUTTE CONTRE LES FLUX FINANCIERS ILLICITES,Dakar,CDI,2025-04-12,Gestion de projet,Protection - Finance - Gouvernance,CDI
"Senior Communications Officer, Africa Team",Dakar,CDI,2025-04-12,Communication / Médias,Communication - Stratégie,CDI
Senior Analyst – West Africa,Dakar,CDI,2025-04-11,Analyse / Statistiques,Analyse - Géopolitique,CDI
Regional Product Launch Manager,Dakar,CDI,2025-04-11,Non spécifié,Management - Marketing,CDI
"Chargé.e d’évaluation Senior pour le Sénégal, basé.e à Dakar",Dakar,CDI,,Non spécifié,Évaluation - Gestion de projet,CDI
"Responsable de Recherche (Associé.e) pour le Sénégal, basé.e à Dakar",Dakar,CDI,,Non spécifié,Recherche - Analyse,CDI
Evidence to Advocacy Specialist: Conflict and Crisis-Affected Settings,Dakar,CDI,2025-04-14,Plaidoyer / Droits humains,Plaidoyer - Gestion de crise,CDI
RDH DTM Reporting Intern,Dakar,CDI,2025-04-13,Humanitaire / Analyse de données,Reporting - Gestion de données,CDI
RDH Information Management Intern: Overview,Dakar,CDI,2025-04-13,Humanitaire / Analyse de données,Gestion de l'information - Analyse,CDI
Chargé.e. de projet « RISE & PLAY » Sénégal,Dakar,CDI,2025-04-12,Non spécifié,Gestion de projet - Développement,CDI
CHARGÉ.E DE PROJET – PROTECTION DES LANCEURS D’ALERTE ET LUTTE CONTRE LES FLUX FINANCIERS ILLICITES,Dakar,CDI,2025-04-12,Gestion de projet,Protection - Finance - Gouvernance,CDI
"Senior Communications Officer, Africa Team",Dakar,CDI,2025-04-12,Communication / Médias,Communication - Stratégie,CDI
Senior Analyst – West Africa,Dakar,CDI,2025-04-11,Analyse / Statistiques,Analyse - Géopolitique,CDI
Regional Product Launch Manager,Dakar,CDI,2025-04-11,Non spécifié,Management - Marketing,CDI
"Chargé.e d’évaluation Senior pour le Sénégal, basé.e à Dakar",Dakar,CDI,,Non spécifié,Évaluation - Gestion de projet,CDI
"Responsable de Recherche (Associé.e) pour le Sénégal, basé.e à Dakar",Dakar,CDI,,Non spécifié,Recherche - Analyse,CDI
Evidence to Advocacy Specialist: Conflict and Crisis-Affected Settings,Dakar,CDI,2025-04-14,Plaidoyer / Droits humains,Plaidoyer - Gestion de crise,CDI
RDH DTM Reporting Intern,Dakar,CDI,2025-04-13,Humanitaire / Analyse de données,Reporting - Gestion de données,CDI
RDH Information Management Intern: Overview,Dakar,CDI,2025-04-13,Humanitaire / Analyse de données,Gestion de l'information - Analyse,CDI
Chargé.e. de projet « RISE & PLAY » Sénégal,Dakar,CDI,2025-04-12,Non spécifié,Gestion de projet - Développement,CDI
CHARGÉ.E DE PROJET – PROTECTION DES LANCEURS D’ALERTE ET LUTTE CONTRE LES FLUX FINANCIERS ILLICITES,Dakar,CDI,2025-04-12,Gestion de projet,Protection - Finance - Gouvernance,CDI
"Senior Communications Officer, Africa Team",Dakar,CDI,2025-04-12,Communication / Médias,Communication - Stratégie,CDI
Senior Analyst – West Africa,Dakar,CDI,2025-04-11,Analyse / Statistiques,Analyse - Géopolitique,CDI
Regional Product Launch Manager,Dakar,CDI,2025-04-11,Non spécifié,Management - Marketing,CDI
Consultant SAP & Supply Chain (H/F),Dakar,CDI,2025-06-16,Non spécifié,SAP - Supply Chain - Conseil,CDI
Consultant Acheteur Bilingue (H/F),Dakar,CDI,2025-06-16,Non spécifié,Achats - Bilinguisme,CDI
Rédacteur De Contenu Web (Stage),Dakar,Stage,2025-06-16,Non spécifié,Rédaction web - SEO,Stage
Sales Executive,Dakar,CDI,2025-06-16,Non spécifié,Vente - Commerce,CDI
Full Stack .NET Programmer,Dakar,CDI,2025-06-16,Non spécifié,.NET - Développement full stack,CDI
Dynamics 365 F&O Principal Consultant,Dakar,CDI,2025-06-16,Non spécifié,Dynamics 365 - Conseil,CDI
Conseiller Client (F/H) Télévente,Dakar (Ngor),CDI,2025-06-16,Non spécifié,Service client - Télévente,CDI
Business Development Manager Mining,Dakar,CDI,2025-06-15,Non spécifié,Business development - Secteur minier,CDI
IBDP Coordinator,Ngaparou,CDI,2025-06-15,Non spécifié,Éducation - Coordination,CDI
Operations Manager,Dakar (Ngor),CDI,2025-06-14,Non spécifié,Gestion opérationnelle - Bilinguisme,CDI
Gardener,Dakar,CDI,2025-06-13,Non spécifié,Jardinage - Entretien espaces verts,CDI
Infirmier du travail (F/H),Dakar (Ngor),CDI,2025-06-13,Non spécifié,Santé au travail - Soins infirmiers,CDI
Senior Sales Executive,Dakar,CDI,2025-06-12,Non spécifié,Vente - Management commercial,CDI
Dynamics 365 CE Solution Architect,Dakar (relocalisation Malte),CDI,2025-06-11,Informatique-Technologie,Dynamics 365 - Architecture,CDI
Service Delivery Manager,Dakar (relocalisation Malte),CDI,2025-06-11,Non spécifié,Gestion de services IT,CDI
Attendant Laundry,Dakar,CDI,2025-06-09,Non spécifié,Blanchisserie - Hôtellerie,CDI
French Speaking Sales Manager,Dakar,CDI,2025-06-09,Non spécifié,Vente - Management - Français,CDI
Mgr Food & Beverage,Dakar,CDI,2025-06-06,Non spécifié,Restauration - Hôtellerie,CDI
Group Treasurer,Dakar,CDI,2025-06-05,Non spécifié,Finance - Trésorerie,CDI
Chargé de Recrutement (F/H),Dakar (Ngor),CDI,2025-06-05,Non spécifié,Recrutement - Bilinguisme,CDI
Senior Strategic Sales Manager,Dakar,CDI,2025-06-04,Non spécifié,Vente stratégique - Management,CDI
SPA Manager,Dakar,Prestation de Services,,Non spécifié,Management - Bien-être,Prestation de Services
International Recruiter,Dakar,Freelance,,Informatique-Technologie,Recrutement international,Freelance
Chargé de Clientèle Bilingue,Dakar,Stage,,Non spécifié,Service client - Bilinguisme,Stage
Directeur de Travaux,Dakar,CDD,,Non spécifié,Génie civil - Management,CDD
Ingénieur OPC,Dakar,CDD,,Non spécifié,Génie civil - Contrôle,CDD
Business Developper,Dakar,Prestation de Services,,Non spécifié,Développement commercial,Prestation de Services
Technicien/Projeteur,Dakar,CDI/CDD,,Non spécifié,Génie électrique - Dessin technique,CDI/CDD
Restaurant Manager,Dakar,CDI/CDD,,Non spécifié,Restauration - Management,CDI/CDD
Chargé d'Études Fluides,Dakar,CDD,,Non spécifié,Génie climatique - Études techniques,CDD
Stagiaire en Moyens Généraux,Dakar,Stage,,Stage / Formation,Maintenance - Entretien,Stage
Construction Director,Sénégal,CDI,,Non spécifié,Management construction - Gestion sous-traitants - Français,CDI
Manager (Pharmaceutique),Sénégal,CDI,,Non spécifié,Management - Industrie pharmaceutique,CDI
Technical Sales Manager,Sénégal,CDI,,Non spécifié,Excellence technique - Vente technique,CDI
Assistant Administratif,Sénégal,CDI/CDD,,Support administratif,Informatique bureautique - Communication,CDI/CDD
Technicien Maintenance Générale,Sénégal,CDI,,Non spécifié,Tests techniques - Maintenance,CDI
Coordinateur Programme Service Learning,Sénégal,CDI,,Non spécifié,Expérience service learning,CDI
Technical Sales Executive,Sénégal,CDI,,Non spécifié,Expérience marché industriel,CDI
Associé Produit,Sénégal,CDI,,Informatique-Technologie,Français - Gestion produit,CDI
Assistant QHSSE (Stage),Sénégal,Stage,,Support administratif,Analyse - Rigueur,Stage
Dealer Manager,Sénégal,CDI,,Non spécifié,Communication - Gestion relations,CDI
Analyste Budget & Reporting (Stage),Sénégal,Stage,,Humanitaire / Analyse de données,Communication - Analyse financière,Stage
Responsable Shipping,Sénégal,CDI,,Non spécifié,Gestion équipe - Services shipping,CDI
Assistant,Sénégal,CDD,,Support administratif,Administration - Service client,CDD
Agent de Recouvrement,Sénégal,CDD,,Non spécifié,Administration - Recouvrement,CDD
Architecte Infrastructure,Sénégal,CDI,,Informatique-Technologie,Datacenter - Compute - Storage,CDI
Journaliste Freelance,Sénégal,Freelance,,Non spécifié,Journalisme - Édition vidéo - Immobilier,Freelance
Analyste Business Development,Sénégal,CDI,,Analyse / Statistiques,Consulting - Finance - Français - Analytics,CDI
